{"growth_epoch": [2, 5], "loss_list": [770.1422933810301, 206.95187706530476, 170.72698504482506, 163.94239961668882, 160.48412095254926, 157.9630598381384], "loss_growth_list": [770.1422933810301, 206.95187706530476, 170.02081197970458, 162.34448219413187, 158.84110037146854, 156.93124363620652], "elbos": [-571.225341796875, -132.19534301757812, -126.6072998046875, -123.55596160888672, -117.96440887451172, -117.04013061523438], "elbos_growth": [-571.225341796875, -132.19534301757812, -123.60503387451172, -120.98421478271484, -117.14427185058594, -121.8182601928711]}