{"growth_epoch": [4, 9, 14, 19, 24, 29, 34, 39, 44, 49], "loss_list": [202.47189614106853, 178.22294766358985, 172.02343476708256, 168.9675244492, 165.45906994134378, 163.9390525899208, 162.97132354606188, 162.41415068538967, 161.7194444863781, 161.44220227727504, 161.14829457492462, 160.96180370469082, 160.3695194594133, 160.17596710465355, 160.03938670859915, 159.97319520409428, 159.7478335447657, 159.6310238868697, 159.4310828332962, 159.31621418121273, 159.19761700009994, 159.05854092986345, 159.01269332788138, 158.74173590165975, 158.78944109040282, 158.4930157366592, 158.55679994758003, 158.55500546193073, 158.3628690674869, 158.21045243968842, 158.1513975261371, 158.1834873451607, 157.98925441262057, 158.11562240047496, 157.82498704141645, 157.8981421334403, 157.7982394253013, 157.68234262690106, 157.87367159064644, 157.6271673499394, 157.5759482475232, 157.52970390075814, 157.6063456586175, 157.46797843884303, 157.4186099607553, 157.3737812001568, 157.33254840582418, 157.2965278869499, 157.27084754016607, 157.0859543529909], "elbos": [-141.27645874023438, -128.89219665527344, -129.93006896972656, -126.8287124633789, -126.28446197509766, -120.96478271484375, -120.14129638671875, -121.26240539550781, -123.67662811279297, -118.02425384521484, -117.99845886230469, -121.49493408203125, -123.79466247558594, -115.53433990478516, -115.61638641357422, -120.76200866699219, -121.96941375732422, -124.01099395751953, -118.934326171875, -123.30953979492188, -121.58671569824219, -119.51924896240234, -117.6871566772461, -115.267822265625, -120.58367156982422, -122.68025207519531, -114.36077880859375, -116.45543670654297, -121.34960174560547, -117.34744262695312, -120.96480560302734, -122.15568542480469, -117.264404296875, -118.2861328125, -126.97442626953125, -118.49278259277344, -120.89903259277344, -119.57040405273438, -118.73141479492188, -113.75985717773438, -117.83088684082031, -112.36616516113281, -113.38312530517578, -121.88751220703125, -116.96289825439453, -118.17852783203125, -115.07681274414062, -114.70646667480469, -122.55050659179688, -119.41191864013672]}