{"growth_epoch": [], "loss_list": [0.10654396219296637], "elbos": [187.0419773910985]}