{"growth_epoch": [9, 19, 29, 39, 49], "loss_list": [769.6833263145072, 198.63354661368103, 165.91695280420754, 160.74718800689112, 157.4565270104642, 155.40668664863114, 153.96710437701455, 152.88089625311812, 152.13262760512103, 151.3493030930379, 150.67317629165487, 150.1538917850584, 149.6231411606518, 149.30107292386768, 148.88991183868603, 148.63200684244444, 148.34680188795141, 148.25839727926356, 147.88623277871594, 147.7130141593754, 147.55262151201651, 147.39633783856942, 147.27791927313245, 147.30785566708172, 146.968196291405, 146.97361797666244, 146.89724968948852, 146.67553255451259, 146.59461174743262, 146.49192966225306, 146.46956050523053, 146.21397303924886, 146.20553818237045, 146.0887543733186, 146.0006534600817, 146.0559961770389, 146.01352590792723, 145.83704550281516, 145.88757376274322, 145.83117864482693, 145.73139882036872, 145.75874383922326, 145.57579795333115, 145.49863123131206, 145.5360840104028, 145.59353504302914, 145.5205213957504, 145.51500531096957, 145.3607793616842, 145.3651642951884], "elbos": [-572.3885498046875, -132.45721435546875, -123.32498168945312, -119.50057983398438, -121.71153259277344, -115.2107162475586, -119.15257263183594, -117.74681854248047, -119.75672912597656, -107.10227966308594, -116.46724700927734, -111.86888885498047, -113.75090789794922, -115.33656311035156, -107.5506591796875, -110.52610778808594, -106.7847900390625, -109.65641784667969, -115.66094207763672, -114.38545989990234, -106.22708129882812, -101.53984069824219, -110.93589782714844, -105.2600326538086, -107.41252899169922, -105.76310729980469, -109.13432312011719, -110.3127670288086, -105.89472961425781, -112.95086669921875, -108.75350189208984, -109.19332122802734, -108.23756408691406, -113.28727722167969, -109.09896850585938, -103.72197723388672, -108.85594177246094, -101.37652587890625, -113.89984130859375, -111.08678436279297, -107.65972900390625, -112.88453674316406, -106.86851501464844, -101.09817504882812, -109.7361068725586, -110.80751037597656, -108.49043273925781, -109.56010437011719, -109.54109954833984, -111.65975952148438]}