{"growth_epoch": [1, 3], "loss_list": [258.3822633462674, 190.22285962460646, 176.0906362309893, 170.00319351163753, 166.17174219322612], "loss_growth_list": [258.3822633462674, 185.18845870093242, 171.6055247260055, 166.39724197875717, 162.80355161491997], "elbos": [