{"growth_epoch": [9, 19, 29, 39], "loss_list": [202.90784771559336, 196.5002775212595, 196.07457272787846, 195.82789979458872, 195.68858415485698, 195.52418843413722, 195.42156471626592, 195.34943124734517, 195.39471959356052, 195.27898239428555, 195.2874455889151, 194.2376419425265, 187.91335721209106, 186.64293555156002, 186.37417094997252, 186.11306310462544, 185.9155502807357, 185.98677199634153, 185.92470366715875, 185.87809297931727, 185.91485690053847, 185.67718336678772, 185.6909119823594, 185.64095955464379, 185.63098151038196, 185.71855479161115, 185.62475836454934, 185.65265914168694, 185.52513278725306, 185.56761881944212, 185.5091630492383, 185.63531991922017, 185.70650343905126, 185.59644625080165, 185.49709969136254, 185.52860011119068, 185.612318742504, 185.58540825752308, 185.39523377245678, 185.68678885583938, 185.6173637406404, 185.48572154746634, 185.3653121980777, 185.78088509045176, 185.36572874024478, 185.39351597116953, 185.321946849701, 185.37581610120435, 185.41445987921026, 185.38659583378447], "loss_growth_list": [202.90784771559336, 196.5002775212595, 196.07457272787846, 195.82789979458872, 195.68858415485698, 195.52418843413722, 195.42156471626592, 195.34943124734517, 195.39471959356052, 195.7817007687046, 195.35719692986657, 189.47990502070772, 186.9013012395993, 186.49448838874474, 186.40622771370894, 186.2665765432915, 186.12742718857234, 186.09914080979726, 186.08386894177272, 186.72140418339384, 186.30490736971532, 186.0472687027856, 185.98023674482985, 185.98996911933426, 186.16667936605685, 185.87051245195272, 185.89682420027026, 185.90286150771672, 185.8059422995236, 186.52436317817998, 185.99030679731226, 185.9499523105906, 185.88128183848823, 185.66500942335963, 185.8441341050398, 185.7807132420001, 185.75173878618904, 185.68035358355752, 185.78502376857344, 186.59867940223546, 185.9002954283757, 185.7630726828504, 185.65964737426498, 185.69209016259038, 185.6880009047258, 185.62417345514683, 185.79829722325178, 185.6639566645185, 185.55857696207855, 185.66989649790943], "elbos": [42.565032958984375, 48.90788269042969, 45.59159851074219, 45.39125061035156, 45.67216491699219, 41.19441223144531, 46.83624267578125, 50.57600402832031, 41.44816589355469, 44.14141845703125, 44.269134521484375, 50.08457946777344, 54.12261962890625, 52.08123779296875, 55.452178955078125, 49.16001892089844, 55.54219055175781, 51.13557434082031, 53.42384338378906, 52.35906982421875, 48.40931701660156, 49.00341796875, 49.600921630859375, 62.80351257324219, 48.906463623046875, 53.516998291015625, 51.62284851074219, 54.90904235839844, 51.54498291015625, 49.97798156738281, 50.17897033691406, 54.0164794921875, 52.7200927734375, 50.42332458496094, 59.96647644042969, 47.02339172363281, 49.37947082519531, 50.96989440917969, 50.97821044921875, 45.46067810058594, 54.2403564453125, 48.88311767578125, 54.966461181640625, 50.03279113769531, 55.974334716796875, 49.56883239746094, 49.11283874511719, 55.74488830566406, 54.653167724609375, 56.52937316894531], "elbos_growth": [42.565032958984375, 48.90788269042969, 45.59159851074219, 45.39125061035156, 45.67216491699219, 41.19441223144531, 46.83624267578125, 50.57600402832031, 41.44816589355469, 45.9775390625, 52.33580017089844, 42.690185546875, 54.729736328125, 51.86982727050781, 51.17155456542969, 58.08113098144531, 50.015655517578125, 48.447601318359375, 58.74031066894531, 46.098663330078125, 52.25251770019531, 53.40785217285156, 54.195068359375, 53.93861389160156, 50.69187927246094, 50.95050048828125, 50.182037353515625, 52.749053955078125, 51.34138488769531, 49.99688720703125, 54.47430419921875, 54.20011901855469, 52.11424255371094, 51.417510986328125, 60.63348388671875, 55.42950439453125, 49.87290954589844, 46.55726623535156, 50.306610107421875, 53.43560791015625, 51.72563171386719, 52.380279541015625, 55.07304382324219, 52.41261291503906, 52.83500671386719, 48.68418884277344, 56.1351318359375, 48.55723571777344, 51.80595397949219, 49.960906982421875]}