{"growth_epoch": [9, 19, 29, 39, 49], "loss_list": [203.14556224310576, 168.16629942546268, 161.88173976483375, 159.05592925309625, 157.2265221406656, 156.0895867418887, 154.79909409642983, 154.056969941552, 153.40139388224716, 152.78202110567074, 152.47525276558233, 152.03495253377886, 151.57244251633503, 151.53313529008489, 151.1193850584376, 150.91226746126026, 150.69916093578217, 150.44140455819397, 150.32289977571858, 150.17684337884378, 150.08114407667472, 149.9727022215756, 149.7773342498584, 149.64538216336703, 149.55223242916279, 149.4500905181299, 149.46939431782215, 149.27338811227762, 149.24315802730732, 149.08908028999116, 149.09877731550986, 149.00451381984297, 148.99275876108263, 148.98323911491997, 148.82247862988697, 148.70801575097448, 148.66138923498613, 148.6444740864768, 148.69436417764692, 148.6605808607805, 148.51797620370698, 148.38661777846087, 148.31712058256429, 148.52724866724725, 148.46067128455968, 148.24664363576406, 148.38634562543206, 148.1615603676737, 148.0954095153158, 148.18146643404768], "elbos": [-133.48275756835938, -121.28678894042969, -121.475830078125, -116.41290283203125, -113.84568786621094, -117.3927001953125, -119.55420684814453, -117.89704895019531, -117.13018798828125, -117.25602722167969, -109.156494140625, -113.07636260986328, -114.8192138671875, -107.8778305053711, -108.55784606933594, -119.12030029296875, -110.73233795166016, -112.2200927734375, -109.60023498535156, -108.66510009765625, -111.2125244140625, -113.67391204833984, -112.23979949951172, -115.03929901123047, -112.63304901123047, -109.17230224609375, -112.63243865966797, -110.48881530761719, -113.48062896728516, -111.59114074707031, -109.54525756835938, -109.59408569335938, -110.40017700195312, -119.28672790527344, -112.32711791992188, -108.11174774169922, -114.93238067626953, -109.95724487304688, -112.41373443603516, -110.3291244506836, -111.6233901977539, -108.5219955444336, -112.85234069824219, -111.70028686523438, -110.65350341796875, -110.44886016845703, -107.47100067138672, -108.26063537597656, -110.07159423828125, -113.97283935546875]}