{"growth_epoch": [9, 19, 29, 39, 49], "loss_list": [202.80277634480362, 167.49597655989723, 161.95703824496726, 159.14302214274784, 157.2710041623634, 156.15941717477241, 155.29850778803387, 154.50364738740902, 154.16228971501658, 153.7071967704464, 153.22031620570593, 152.9930757957735, 152.86652190446344, 152.46012300926486, 152.19501373356084, 152.1147206841247, 151.92371932885794, 151.61942087917694, 151.46639689301122, 151.4188052016789, 151.19352595282515, 151.0732885820271, 151.18383315682158, 150.98792811802454, 150.82528143193423, 150.7572954905821, 150.77146205617422, 150.47540837920297, 150.54498120208285, 150.32862564444795, 150.46982358106925, 150.34584473241875, 150.3455783543048, 150.33100529977762, 150.32517857338067, 150.07463660982373, 150.05058760327825, 150.10326862131862, 150.01295142590618, 150.04923381683415, 149.88383589624596, 149.8988036621354, 149.7751164222831, 149.8283717596709, 149.86940949202094, 149.81335613519144, 149.80495849804583, 149.875256861705, 149.79032792211342, 149.7947052750252], "loss_growth_list": [202.80277634480362, 167.49597655989723, 161.95703824496726, 159.14302214274784, 157.2710041623634, 156.15941717477241, 155.29850778803387, 154.50364738740902, 154.16228971501658, 153.7455293700131, 153.30649421870837, 153.01274953163, 152.57834342191975, 152.45594062073144, 152.33848776746152, 152.11872522154852, 151.94826338387756, 151.78097825365535, 151.41565483109528, 151.40043695445763, 151.25945172991072, 151.10861687568715, 151.1081426169064, 150.9574052367383, 150.9276386090179, 150.74923810165828, 150.697730643917, 150.6930570297404, 150.58605049312243, 150.5539804226808, 150.48338570015264, 150.241140483539, 150.39147196039715, 150.4301857531452, 150.20778371326958, 150.12688312652523, 150.0744238164125, 149.95205055676035, 150.0024489543077, 150.00200736039739, 149.9729595062321, 149.95726359678483, 149.89592661583094, 149.96277634675567, 149.9885985612361, 149.8317082451859, 149.85875882472055, 149.8988613136796, 149.79307377211322, 149.877110576833], "elbos": [-91.96629333496094, -81.90447998046875, -82.13697814941406, -76.9742431640625, -71.75466918945312, -72.60968780517578, -77.88290405273438, -76.51181030273438, -70.69461059570312, -70.2239761352539, -69.93465423583984, -74.06584167480469, -70.934326171875, -68.24449157714844, -74.47145080566406, -71.36628723144531, -69.87904357910156, -74.72138977050781, -69.70409393310547, -68.23247528076172, -68.09342956542969, -67.95638275146484, -71.7966079711914, -67.08931732177734, -73.37567138671875, -67.46765899658203, -76.55584716796875, -66.64340209960938, -69.81517791748047, -69.73995208740234, -74.59579467773438, -70.28218841552734, -64.97710418701172, -72.65596008300781, -73.14263916015625, -74.6607666015625, -70.94180297851562, -69.20597076416016, -71.32185363769531, -74.56938934326172, -69.00186157226562, -65.02943420410156, -67.71468353271484, -69.78466796875, -70.94801330566406, -69.74298858642578, -69.09327697753906, -71.98234558105469, -71.2286605834961, -61.289329528808594], "elbos_growth": [-91.96629333496094, -81.90447998046875, -82.13697814941406, -76.9742431640625, -71.75466918945312, -72.60968780517578, -77.88290405273438, -76.51181030273438, -70.69461059570312, -72.52664947509766, -72.11668395996094, -71.24324035644531, -73.81280517578125, -70.40666961669922, -71.20147705078125, -72.51686096191406, -69.57463836669922, -73.33374786376953, -69.28568267822266, -69.7041015625, -67.96211242675781, -69.72341918945312, -72.23744201660156, -75.65143585205078, -63.79067611694336, -71.16637420654297, -67.64689636230469, -70.65830993652344, -70.69990539550781, -76.00448608398438, -71.45441436767578, -66.8067398071289, -70.3940658569336, -63.13960266113281, -64.56207275390625, -71.91954040527344, -72.35135650634766, -69.77625274658203, -71.03231811523438, -70.92518615722656, -65.54363250732422, -73.49761199951172, -69.43840789794922, -72.61798095703125, -73.45260620117188, -73.34678649902344, -66.64698791503906, -71.32984924316406, -69.24781799316406, -63.60016632080078]}