{"growth_epoch": [4], "loss_list": [178.37647358398436, 156.96345935058594, 152.4743470296224, 150.1502215983073, 148.78855307617187], "elbos": [-168.96432495117188, -160.31057739257812, -150.64097595214844, -149.12432861328125, -149.70713806152344]}