{"growth_epoch": [4, 9, 14, 19], "loss_list": [0.10350928375928257, 0.09421934828654527, 0.09275950584451272, 0.09194029801682257, 0.09123322761464951, 0.0907871064676819, 0.09044176592367863, 0.09021750092582556, 0.09016689835321166, 0.09014147524398022, 0.08985775747156864, 0.08982265677110257, 0.0897862612349714, 0.08900640703425937, 0.08825226977080519, 0.08805112685825175, 0.0879227222172428, 0.08785178237488675, 0.08778255837998938, 0.08764101264385905], "elbos": [171.8607510653409, 173.62630208333334, 146.42703894412878, 152.7297881155303, 155.4820371685606, 155.1942471590909, 134.86322206439394, 142.12369791666666, 148.65588008996212, 143.00541548295453, 156.12476325757575, 162.81008818655303, 163.9378995028409, 168.27981474905303, 138.26470762310606, 127.5626923532197, 148.38050426136363, 144.40719696969697, 138.67141631155303, 127.80853456439394]}